{"stats":{"minecraft:picked_up":{"minecraft:golden_helmet":3,"minecraft:black_carpet":10,"minecraft:wheat_seeds":24,"minecraft:honey_block":3,"minecraft:golden_apple":1,"minecraft:glass_bottle":1},"minecraft:used":{"minecraft:dead_fire_coral_fan":4,"minecraft:honey_block":6,"minecraft:wooden_axe":3,"minecraft:lever":2,"minecraft:light":68,"minecraft:black_wool":13,"minecraft:black_concrete":19,"minecraft:stone_sword":35,"minecraft:sandstone_stairs":175,"minecraft:light_gray_concrete":421,"extendedslabs:blue_wool_stairs":17,"minecraft:oak_button":2,"minecraft:blue_wool":54,"minecraft:black_carpet":55,"minecraft:sandstone":884,"extendedslabs:birch_wood_slab":1,"minecraft:stone_bricks":1,"minecraft:golden_helmet":5,"minecraft:jungle_sign":1,"minecraft:golden_apple":4,"minecraft:vine":604,"minecraft:dead_horn_coral_fan":6,"minecraft:chain_command_block":1,"minecraft:sandstone_slab":279,"minecraft:repeating_command_block":6,"minecraft:light_gray_concrete_powder":1,"minecraft:white_concrete":11,"extendedslabs:light_gray_concrete_stairs":732,"minecraft:stone_pressure_plate":23,"extendedslabs:light_gray_concrete_slab":31,"extendedslabs:vertical_lime_concrete_slab":10},"minecraft:mined":{"minecraft:grass":47,"minecraft:honey_block":1},"minecraft:dropped":{"minecraft:vine":1,"minecraft:golden_helmet":1,"minecraft:stone_sword":1,"minecraft:black_carpet":2,"minecraft:honey_block":1,"extendedslabs:light_gray_concrete_stairs":1,"minecraft:sandstone_stairs":1,"minecraft:blue_wool":1,"extendedslabs:blue_wool_stairs":1,"minecraft:sandstone_slab":1,"extendedslabs:vertical_spruce_wood_slab":64,"minecraft:stone_bricks":1,"minecraft:sandstone":1,"minecraft:black_concrete":1,"minecraft:light_gray_concrete":1},"minecraft:custom":{"minecraft:time_since_rest":102861,"minecraft:sprint_one_cm":325398,"minecraft:walk_one_cm":336776,"minecraft:damage_taken":2708,"minecraft:damage_absorbed":160,"minecraft:drop":15,"minecraft:damage_dealt":2399,"minecraft:fly_one_cm":3033860,"minecraft:player_kills":9,"minecraft:crouch_one_cm":27397,"minecraft:play_time":547439,"minecraft:deaths":1,"minecraft:sneak_time":15490,"minecraft:jump":2031,"minecraft:leave_game":6,"minecraft:time_since_death":102851,"minecraft:climb_one_cm":23576,"minecraft:total_world_time":547439,"minecraft:fall_one_cm":58584}},"DataVersion":3465}