{"stats":{"minecraft:custom":{"minecraft:time_since_rest":290403,"minecraft:sprint_one_cm":174738,"minecraft:walk_one_cm":200990,"minecraft:damage_taken":651,"minecraft:damage_absorbed":40,"minecraft:drop":14,"minecraft:damage_dealt":761,"minecraft:fly_one_cm":2267004,"minecraft:player_kills":3,"minecraft:crouch_one_cm":25392,"minecraft:play_time":290403,"minecraft:sneak_time":14237,"minecraft:jump":1026,"minecraft:leave_game":3,"minecraft:time_since_death":290403,"minecraft:climb_one_cm":14852,"minecraft:total_world_time":290403,"minecraft:fall_one_cm":30774},"minecraft:used":{"minecraft:wooden_axe":3,"minecraft:light":64,"minecraft:honey_block":3,"minecraft:black_concrete":19,"minecraft:black_wool":13,"minecraft:stone_sword":11,"minecraft:sandstone_stairs":175,"minecraft:light_gray_concrete":420,"extendedslabs:blue_wool_stairs":17,"minecraft:blue_wool":54,"minecraft:black_carpet":55,"minecraft:sandstone":825,"minecraft:stone_bricks":1,"minecraft:golden_helmet":5,"minecraft:golden_apple":2,"minecraft:vine":604,"minecraft:sandstone_slab":279,"extendedslabs:light_gray_concrete_stairs":732,"extendedslabs:light_gray_concrete_slab":31,"extendedslabs:vertical_lime_concrete_slab":10},"minecraft:dropped":{"minecraft:vine":1,"minecraft:golden_helmet":1,"minecraft:black_carpet":2,"minecraft:honey_block":1,"extendedslabs:light_gray_concrete_stairs":1,"minecraft:sandstone_stairs":1,"minecraft:blue_wool":1,"extendedslabs:blue_wool_stairs":1,"minecraft:sandstone_slab":1,"extendedslabs:vertical_spruce_wood_slab":64,"minecraft:stone_bricks":1,"minecraft:sandstone":1,"minecraft:black_concrete":1,"minecraft:light_gray_concrete":1},"minecraft:picked_up":{"minecraft:golden_helmet":2,"minecraft:black_carpet":10,"minecraft:golden_apple":1}},"DataVersion":3465}