{"stats":{"minecraft:dropped":{"minecraft:vine":1,"minecraft:golden_helmet":1,"minecraft:stone_sword":1,"minecraft:black_carpet":2,"minecraft:honey_block":1,"extendedslabs:light_gray_concrete_stairs":1,"minecraft:sandstone_stairs":1,"minecraft:blue_wool":1,"extendedslabs:blue_wool_stairs":1,"minecraft:sandstone_slab":1,"extendedslabs:vertical_spruce_wood_slab":64,"minecraft:stone_bricks":1,"minecraft:sandstone":1,"minecraft:black_concrete":1,"minecraft:light_gray_concrete":1},"minecraft:used":{"minecraft:dead_fire_coral_fan":4,"minecraft:honey_block":3,"minecraft:wooden_axe":3,"minecraft:light":64,"minecraft:black_wool":13,"minecraft:black_concrete":19,"minecraft:stone_sword":35,"minecraft:sandstone_stairs":175,"minecraft:light_gray_concrete":421,"extendedslabs:blue_wool_stairs":17,"minecraft:blue_wool":54,"minecraft:black_carpet":55,"minecraft:sandstone":827,"extendedslabs:birch_wood_slab":1,"minecraft:stone_bricks":1,"minecraft:golden_helmet":5,"minecraft:golden_apple":4,"minecraft:vine":604,"minecraft:dead_horn_coral_fan":6,"minecraft:sandstone_slab":279,"minecraft:light_gray_concrete_powder":1,"minecraft:white_concrete":11,"extendedslabs:light_gray_concrete_stairs":732,"minecraft:stone_pressure_plate":21,"extendedslabs:light_gray_concrete_slab":31,"extendedslabs:vertical_lime_concrete_slab":10},"minecraft:picked_up":{"minecraft:golden_helmet":3,"minecraft:black_carpet":10,"minecraft:wheat_seeds":24,"minecraft:golden_apple":1,"minecraft:glass_bottle":1},"minecraft:mined":{"minecraft:grass":47},"minecraft:custom":{"minecraft:time_since_rest":296,"minecraft:sprint_one_cm":292992,"minecraft:walk_one_cm":303499,"minecraft:damage_taken":2493,"minecraft:damage_absorbed":160,"minecraft:drop":15,"minecraft:damage_dealt":2179,"minecraft:fly_one_cm":2786049,"minecraft:player_kills":8,"minecraft:crouch_one_cm":26021,"minecraft:play_time":444874,"minecraft:deaths":1,"minecraft:sneak_time":14789,"minecraft:jump":1791,"minecraft:leave_game":4,"minecraft:time_since_death":286,"minecraft:climb_one_cm":17212,"minecraft:total_world_time":444874,"minecraft:fall_one_cm":53405}},"DataVersion":3465}