{"stats":{"minecraft:custom":{"minecraft:time_since_rest":326403,"minecraft:sprint_one_cm":233559,"minecraft:walk_one_cm":251670,"minecraft:damage_taken":1892,"minecraft:damage_absorbed":160,"minecraft:drop":15,"minecraft:damage_dealt":1790,"minecraft:fly_one_cm":2446186,"minecraft:player_kills":7,"minecraft:crouch_one_cm":25404,"minecraft:play_time":326403,"minecraft:sneak_time":14368,"minecraft:jump":1404,"minecraft:leave_game":3,"minecraft:time_since_death":326403,"minecraft:climb_one_cm":14852,"minecraft:total_world_time":326403,"minecraft:fall_one_cm":43498},"minecraft:used":{"minecraft:dead_fire_coral_fan":4,"minecraft:wooden_axe":3,"minecraft:light":64,"minecraft:honey_block":3,"minecraft:black_concrete":19,"minecraft:black_wool":13,"minecraft:stone_sword":35,"minecraft:sandstone_stairs":175,"minecraft:light_gray_concrete":420,"extendedslabs:blue_wool_stairs":17,"minecraft:blue_wool":54,"minecraft:black_carpet":55,"minecraft:sandstone":825,"minecraft:stone_bricks":1,"minecraft:golden_helmet":5,"minecraft:golden_apple":4,"minecraft:vine":604,"minecraft:dead_horn_coral_fan":6,"minecraft:sandstone_slab":279,"extendedslabs:light_gray_concrete_stairs":732,"extendedslabs:light_gray_concrete_slab":31,"extendedslabs:vertical_lime_concrete_slab":10},"minecraft:dropped":{"minecraft:vine":1,"minecraft:golden_helmet":1,"minecraft:stone_sword":1,"minecraft:black_carpet":2,"minecraft:honey_block":1,"extendedslabs:light_gray_concrete_stairs":1,"minecraft:sandstone_stairs":1,"minecraft:blue_wool":1,"extendedslabs:blue_wool_stairs":1,"minecraft:sandstone_slab":1,"extendedslabs:vertical_spruce_wood_slab":64,"minecraft:stone_bricks":1,"minecraft:sandstone":1,"minecraft:black_concrete":1,"minecraft:light_gray_concrete":1},"minecraft:picked_up":{"minecraft:golden_helmet":3,"minecraft:black_carpet":10,"minecraft:golden_apple":1,"minecraft:glass_bottle":1}},"DataVersion":3465}