{"stats":{"minecraft:custom":{"minecraft:time_since_rest":129847,"minecraft:play_time":129847,"minecraft:crouch_one_cm":20487,"minecraft:sprint_one_cm":92752,"minecraft:walk_one_cm":78653,"minecraft:sneak_time":12893,"minecraft:drop":13,"minecraft:jump":525,"minecraft:time_since_death":129847,"minecraft:climb_one_cm":13402,"minecraft:total_world_time":129847,"minecraft:fall_one_cm":22500,"minecraft:fly_one_cm":1992887},"minecraft:used":{"minecraft:stone_bricks":1,"minecraft:honey_block":3,"minecraft:black_wool":13,"minecraft:light":64,"minecraft:black_concrete":19,"minecraft:vine":531,"minecraft:sandstone_stairs":175,"minecraft:light_gray_concrete":406,"extendedslabs:blue_wool_stairs":17,"minecraft:sandstone_slab":279,"minecraft:blue_wool":27,"minecraft:black_carpet":55,"extendedslabs:light_gray_concrete_stairs":732,"minecraft:sandstone":825,"extendedslabs:vertical_lime_concrete_slab":10},"minecraft:picked_up":{"minecraft:black_carpet":10},"minecraft:dropped":{"extendedslabs:vertical_spruce_wood_slab":64,"minecraft:stone_bricks":1,"minecraft:vine":1,"minecraft:sandstone":1,"minecraft:black_concrete":1,"minecraft:light_gray_concrete":1,"minecraft:black_carpet":2,"extendedslabs:light_gray_concrete_stairs":1,"minecraft:honey_block":1,"minecraft:sandstone_stairs":1,"minecraft:blue_wool":1,"extendedslabs:blue_wool_stairs":1,"minecraft:sandstone_slab":1}},"DataVersion":3465}