{"stats":{"minecraft:picked_up":{"minecraft:golden_helmet":1,"minecraft:black_carpet":10},"minecraft:used":{"minecraft:light":64,"minecraft:wooden_axe":3,"minecraft:honey_block":3,"minecraft:black_concrete":19,"minecraft:black_wool":13,"minecraft:stone_sword":6,"minecraft:sandstone_stairs":175,"minecraft:light_gray_concrete":420,"extendedslabs:blue_wool_stairs":17,"minecraft:blue_wool":54,"minecraft:black_carpet":55,"minecraft:sandstone":825,"minecraft:stone_bricks":1,"minecraft:golden_helmet":5,"minecraft:golden_apple":1,"minecraft:vine":604,"minecraft:sandstone_slab":279,"extendedslabs:light_gray_concrete_stairs":732,"extendedslabs:light_gray_concrete_slab":31,"extendedslabs:vertical_lime_concrete_slab":10},"minecraft:dropped":{"minecraft:vine":1,"minecraft:golden_helmet":1,"minecraft:black_carpet":2,"minecraft:honey_block":1,"extendedslabs:light_gray_concrete_stairs":1,"minecraft:sandstone_stairs":1,"minecraft:blue_wool":1,"extendedslabs:blue_wool_stairs":1,"minecraft:sandstone_slab":1,"extendedslabs:vertical_spruce_wood_slab":64,"minecraft:stone_bricks":1,"minecraft:sandstone":1,"minecraft:black_concrete":1,"minecraft:light_gray_concrete":1},"minecraft:custom":{"minecraft:time_since_rest":262609,"minecraft:sprint_one_cm":157329,"minecraft:walk_one_cm":172136,"minecraft:damage_taken":300,"minecraft:damage_absorbed":40,"minecraft:drop":14,"minecraft:damage_dealt":447,"minecraft:fly_one_cm":2200161,"minecraft:player_kills":2,"minecraft:crouch_one_cm":25000,"minecraft:play_time":262609,"minecraft:sneak_time":14145,"minecraft:jump":924,"minecraft:leave_game":2,"minecraft:time_since_death":262609,"minecraft:climb_one_cm":14852,"minecraft:total_world_time":262609,"minecraft:fall_one_cm":29739}},"DataVersion":3465}