{"stats":{"minecraft:custom":{"minecraft:time_since_rest":302403,"minecraft:sprint_one_cm":198342,"minecraft:walk_one_cm":226488,"minecraft:damage_taken":930,"minecraft:damage_absorbed":120,"minecraft:drop":15,"minecraft:damage_dealt":1391,"minecraft:fly_one_cm":2326102,"minecraft:player_kills":5,"minecraft:crouch_one_cm":25392,"minecraft:play_time":302403,"minecraft:sneak_time":14323,"minecraft:jump":1145,"minecraft:leave_game":3,"minecraft:time_since_death":302403,"minecraft:climb_one_cm":14852,"minecraft:total_world_time":302403,"minecraft:fall_one_cm":33960},"minecraft:used":{"minecraft:dead_fire_coral_fan":4,"minecraft:wooden_axe":3,"minecraft:light":64,"minecraft:honey_block":3,"minecraft:black_concrete":19,"minecraft:black_wool":13,"minecraft:stone_sword":23,"minecraft:sandstone_stairs":175,"minecraft:light_gray_concrete":420,"extendedslabs:blue_wool_stairs":17,"minecraft:blue_wool":54,"minecraft:black_carpet":55,"minecraft:sandstone":825,"minecraft:stone_bricks":1,"minecraft:golden_helmet":5,"minecraft:golden_apple":3,"minecraft:vine":604,"minecraft:dead_horn_coral_fan":4,"minecraft:sandstone_slab":279,"extendedslabs:light_gray_concrete_stairs":732,"extendedslabs:light_gray_concrete_slab":31,"extendedslabs:vertical_lime_concrete_slab":10},"minecraft:dropped":{"minecraft:vine":1,"minecraft:golden_helmet":1,"minecraft:stone_sword":1,"minecraft:black_carpet":2,"minecraft:honey_block":1,"extendedslabs:light_gray_concrete_stairs":1,"minecraft:sandstone_stairs":1,"minecraft:blue_wool":1,"extendedslabs:blue_wool_stairs":1,"minecraft:sandstone_slab":1,"extendedslabs:vertical_spruce_wood_slab":64,"minecraft:stone_bricks":1,"minecraft:sandstone":1,"minecraft:black_concrete":1,"minecraft:light_gray_concrete":1},"minecraft:picked_up":{"minecraft:golden_helmet":2,"minecraft:black_carpet":10,"minecraft:golden_apple":1,"minecraft:glass_bottle":1}},"DataVersion":3465}