{"stats":{"minecraft:custom":{"minecraft:jump":135,"minecraft:time_since_rest":490,"minecraft:damage_dealt":351,"minecraft:crouch_one_cm":54,"minecraft:deaths":2,"minecraft:sprint_one_cm":18856,"minecraft:play_time":13252,"minecraft:damage_taken":549,"minecraft:time_since_death":484,"minecraft:walk_one_cm":15884,"minecraft:climb_one_cm":2479,"minecraft:sneak_time":77,"minecraft:total_world_time":13252,"minecraft:drop":2,"minecraft:fall_one_cm":7586,"minecraft:fly_one_cm":80340},"minecraft:used":{"minecraft:golden_helmet":1,"minecraft:stone_sword":4},"minecraft:killed_by":{"minecraft:player":1},"minecraft:dropped":{"minecraft:golden_apple":1,"minecraft:golden_helmet":1}},"DataVersion":3465}