{"stats":{"minecraft:custom":{"minecraft:time_since_rest":1964,"minecraft:walk_one_cm":32597,"minecraft:crouch_one_cm":673,"minecraft:damage_taken":1361,"minecraft:play_time":25252,"minecraft:sprint_one_cm":42190,"minecraft:deaths":4,"minecraft:damage_absorbed":80,"minecraft:sneak_time":319,"minecraft:drop":3,"minecraft:jump":302,"minecraft:damage_dealt":540,"minecraft:time_since_death":1958,"minecraft:total_world_time":25252,"minecraft:climb_one_cm":2479,"minecraft:damage_dealt_absorbed":40,"minecraft:fall_one_cm":13442,"minecraft:fly_one_cm":166069},"minecraft:used":{"minecraft:golden_helmet":1,"minecraft:golden_apple":2,"minecraft:stone_sword":7,"minecraft:honey_bottle":2},"minecraft:killed_by":{"minecraft:player":3},"minecraft:dropped":{"minecraft:golden_helmet":1,"minecraft:glass_bottle":1,"minecraft:golden_apple":1},"minecraft:picked_up":{"minecraft:stone_sword":1}},"DataVersion":3465}