{"stats":{"minecraft:custom":{"minecraft:jump":185,"minecraft:time_since_rest":5138,"minecraft:crouch_one_cm":142,"minecraft:damage_dealt":260,"minecraft:deaths":2,"minecraft:sprint_one_cm":16959,"minecraft:play_time":14506,"minecraft:damage_taken":489,"minecraft:time_since_death":5131,"minecraft:walk_one_cm":11206,"minecraft:climb_one_cm":746,"minecraft:sneak_time":213,"minecraft:total_world_time":14506,"minecraft:damage_dealt_absorbed":40,"minecraft:drop":1,"minecraft:fall_one_cm":4218,"minecraft:fly_one_cm":135602,"minecraft:leave_game":1},"minecraft:used":{"minecraft:black_carpet":1,"minecraft:blue_wool":3,"minecraft:stone_sword":6,"minecraft:honey_bottle":2},"minecraft:killed_by":{"minecraft:player":2},"minecraft:dropped":{"minecraft:glass_bottle":1}},"DataVersion":3465}