{"stats":{"minecraft:dropped":{"minecraft:glass_bottle":1},"minecraft:killed_by":{"minecraft:player":2},"minecraft:used":{"minecraft:golden_helmet":3,"minecraft:stone_sword":6,"minecraft:blue_wool":3,"minecraft:black_carpet":1,"minecraft:leather_helmet":3,"minecraft:cooked_beef":2,"minecraft:honey_bottle":2},"minecraft:custom":{"minecraft:time_since_rest":22052,"minecraft:crouch_one_cm":154,"minecraft:sprint_one_cm":42340,"minecraft:play_time":31420,"minecraft:deaths":2,"minecraft:damage_taken":649,"minecraft:walk_one_cm":24951,"minecraft:sneak_time":215,"minecraft:drop":1,"minecraft:jump":243,"minecraft:damage_dealt":645,"minecraft:leave_game":2,"minecraft:time_since_death":22045,"minecraft:climb_one_cm":746,"minecraft:total_world_time":31420,"minecraft:damage_dealt_absorbed":40,"minecraft:fall_one_cm":4636,"minecraft:fly_one_cm":150731}},"DataVersion":3465}