{"stats":{"minecraft:dropped":{"minecraft:glass_bottle":1},"minecraft:killed_by":{"minecraft:player":2},"minecraft:used":{"minecraft:black_carpet":1,"minecraft:stone_sword":6,"minecraft:honey_bottle":2,"minecraft:blue_wool":3},"minecraft:custom":{"minecraft:jump":192,"minecraft:time_since_rest":10052,"minecraft:damage_dealt":260,"minecraft:damage_taken":489,"minecraft:leave_game":2,"minecraft:crouch_one_cm":142,"minecraft:play_time":19420,"minecraft:sprint_one_cm":18562,"minecraft:time_since_death":10045,"minecraft:walk_one_cm":12123,"minecraft:deaths":2,"minecraft:sneak_time":213,"minecraft:total_world_time":19420,"minecraft:climb_one_cm":746,"minecraft:damage_dealt_absorbed":40,"minecraft:fall_one_cm":4218,"minecraft:drop":1,"minecraft:fly_one_cm":145424}},"DataVersion":3465}