{"stats":{"minecraft:dropped":{"minecraft:glass_bottle":1},"minecraft:killed_by":{"minecraft:player":3},"minecraft:used":{"minecraft:golden_helmet":3,"minecraft:stone_sword":6,"minecraft:blue_wool":3,"minecraft:black_carpet":1,"minecraft:leather_helmet":3,"minecraft:cooked_beef":2,"minecraft:honey_bottle":2},"minecraft:mined":{"minecraft:grass":1},"minecraft:custom":{"minecraft:time_since_rest":20047,"minecraft:crouch_one_cm":521,"minecraft:sprint_one_cm":60010,"minecraft:play_time":62915,"minecraft:deaths":3,"minecraft:damage_taken":885,"minecraft:walk_one_cm":44610,"minecraft:sneak_time":362,"minecraft:drop":1,"minecraft:jump":450,"minecraft:damage_dealt":861,"minecraft:leave_game":3,"minecraft:time_since_death":20040,"minecraft:climb_one_cm":746,"minecraft:total_world_time":62915,"minecraft:damage_dealt_absorbed":40,"minecraft:fall_one_cm":7008,"minecraft:fly_one_cm":198005}},"DataVersion":3465}