{"stats":{"minecraft:dropped":{"minecraft:glass_bottle":1},"minecraft:killed_by":{"minecraft:player":4},"minecraft:used":{"minecraft:golden_helmet":3,"minecraft:stone_sword":6,"minecraft:blue_wool":3,"minecraft:black_carpet":1,"minecraft:leather_helmet":3,"minecraft:cooked_beef":2,"minecraft:honey_bottle":2},"minecraft:mined":{"minecraft:grass":2,"minecraft:honey_block":2},"minecraft:custom":{"minecraft:time_since_rest":1523,"minecraft:crouch_one_cm":767,"minecraft:sprint_one_cm":81170,"minecraft:play_time":75566,"minecraft:deaths":4,"minecraft:damage_taken":1106,"minecraft:walk_one_cm":56647,"minecraft:sneak_time":475,"minecraft:drop":1,"minecraft:jump":639,"minecraft:damage_dealt":1076,"minecraft:leave_game":4,"minecraft:time_since_death":1515,"minecraft:climb_one_cm":3641,"minecraft:total_world_time":75566,"minecraft:damage_dealt_absorbed":40,"minecraft:fall_one_cm":12216,"minecraft:fly_one_cm":280879}},"DataVersion":3465}