{"stats":{"minecraft:dropped":{"minecraft:glass_bottle":1},"minecraft:killed_by":{"minecraft:player":3},"minecraft:used":{"minecraft:golden_helmet":3,"minecraft:stone_sword":6,"minecraft:blue_wool":3,"minecraft:black_carpet":1,"minecraft:leather_helmet":3,"minecraft:cooked_beef":2,"minecraft:honey_bottle":2},"minecraft:custom":{"minecraft:time_since_rest":552,"minecraft:crouch_one_cm":521,"minecraft:sprint_one_cm":57270,"minecraft:play_time":43420,"minecraft:deaths":3,"minecraft:damage_taken":885,"minecraft:walk_one_cm":39070,"minecraft:sneak_time":324,"minecraft:drop":1,"minecraft:jump":381,"minecraft:damage_dealt":861,"minecraft:leave_game":2,"minecraft:time_since_death":545,"minecraft:climb_one_cm":746,"minecraft:total_world_time":43420,"minecraft:damage_dealt_absorbed":40,"minecraft:fall_one_cm":6799,"minecraft:fly_one_cm":184372}},"DataVersion":3465}