{"stats":{"minecraft:custom":{"minecraft:time_since_rest":14049,"minecraft:crouch_one_cm":7516,"minecraft:sprint_one_cm":127019,"minecraft:play_time":312406,"minecraft:deaths":4,"minecraft:damage_taken":440,"minecraft:walk_one_cm":168158,"minecraft:sneak_time":4752,"minecraft:drop":1,"minecraft:jump":378,"minecraft:leave_game":7,"minecraft:time_since_death":14042,"minecraft:total_world_time":312406,"minecraft:fall_one_cm":9251,"minecraft:fly_one_cm":616660},"minecraft:picked_up":{"minecraft:glass_bottle":1,"minecraft:white_bed":28},"minecraft:dropped":{"minecraft:glass_bottle":1},"minecraft:used":{"extendedslabs:vertical_end_stone_slab":5,"extendedslabs:black_concrete_slab":423,"minecraft:golden_apple":3,"minecraft:dead_fire_coral_fan":5,"extendedslabs:black_concrete_stairs":76,"extendedslabs:white_concrete_slab":16,"minecraft:black_concrete":204,"minecraft:potion":6,"minecraft:dead_horn_coral_fan":6,"minecraft:light_gray_concrete":134,"minecraft:barrier":5,"minecraft:quartz_block":983,"minecraft:white_bed":49,"minecraft:white_concrete":44,"minecraft:lingering_potion":6,"extendedslabs:light_gray_concrete_slab":4,"minecraft:milk_bucket":89,"extendedslabs:white_concrete_stairs":20,"minecraft:honey_bottle":12}},"DataVersion":3465}