{"stats":{"minecraft:dropped":{"minecraft:glass_bottle":1},"minecraft:picked_up":{"minecraft:glass_bottle":1,"minecraft:white_bed":28},"minecraft:custom":{"minecraft:time_since_rest":3316,"minecraft:crouch_one_cm":7911,"minecraft:deaths":6,"minecraft:sprint_one_cm":176566,"minecraft:play_time":390981,"minecraft:walk_one_cm":180789,"minecraft:damage_taken":1130,"minecraft:damage_absorbed":40,"minecraft:sneak_time":4895,"minecraft:drop":1,"minecraft:jump":514,"minecraft:leave_game":15,"minecraft:time_since_death":3310,"minecraft:total_world_time":390981,"minecraft:fall_one_cm":20041,"minecraft:fly_one_cm":777185},"minecraft:used":{"extendedslabs:vertical_end_stone_slab":5,"extendedslabs:black_concrete_slab":423,"minecraft:golden_apple":4,"minecraft:dead_fire_coral_fan":5,"extendedslabs:black_concrete_stairs":76,"extendedslabs:white_concrete_slab":16,"minecraft:black_concrete":204,"minecraft:potion":6,"minecraft:dead_horn_coral_fan":6,"minecraft:light_gray_concrete":134,"minecraft:barrier":5,"minecraft:quartz_block":983,"minecraft:white_bed":49,"minecraft:white_concrete":44,"minecraft:lingering_potion":6,"extendedslabs:light_gray_concrete_slab":4,"minecraft:milk_bucket":89,"extendedslabs:white_concrete_stairs":20,"minecraft:honey_bottle":12}},"DataVersion":3465}