{"stats":{"minecraft:custom":{"minecraft:jump":182,"minecraft:time_since_rest":30088,"minecraft:crouch_one_cm":7427,"minecraft:leave_game":7,"minecraft:play_time":120997,"minecraft:sprint_one_cm":40637,"minecraft:deaths":2,"minecraft:time_since_death":29999,"minecraft:walk_one_cm":98879,"minecraft:sneak_time":4548,"minecraft:total_world_time":120997,"minecraft:fly_one_cm":535859},"minecraft:picked_up":{"minecraft:white_bed":28},"minecraft:used":{"extendedslabs:vertical_end_stone_slab":5,"minecraft:barrier":5,"extendedslabs:black_concrete_stairs":76,"extendedslabs:black_concrete_slab":423,"minecraft:quartz_block":983,"extendedslabs:white_concrete_slab":16,"minecraft:black_concrete":202,"minecraft:white_concrete":44,"minecraft:light_gray_concrete":126,"extendedslabs:white_concrete_stairs":20,"minecraft:white_bed":49}},"DataVersion":3465}