{"stats":{"minecraft:custom":{"minecraft:time_since_rest":108088,"minecraft:sprint_one_cm":54317,"minecraft:crouch_one_cm":7463,"minecraft:play_time":198997,"minecraft:damage_taken":80,"minecraft:walk_one_cm":120904,"minecraft:deaths":2,"minecraft:sneak_time":4659,"minecraft:jump":218,"minecraft:leave_game":7,"minecraft:time_since_death":107999,"minecraft:total_world_time":198997,"minecraft:fall_one_cm":1076,"minecraft:fly_one_cm":554713},"minecraft:picked_up":{"minecraft:white_bed":28},"minecraft:used":{"extendedslabs:vertical_end_stone_slab":5,"minecraft:dead_fire_coral_fan":5,"extendedslabs:black_concrete_slab":423,"extendedslabs:black_concrete_stairs":76,"extendedslabs:white_concrete_slab":16,"minecraft:black_concrete":204,"minecraft:dead_horn_coral_fan":6,"minecraft:light_gray_concrete":134,"minecraft:barrier":5,"minecraft:quartz_block":983,"minecraft:white_bed":49,"minecraft:lingering_potion":6,"minecraft:white_concrete":44,"extendedslabs:light_gray_concrete_slab":4,"minecraft:milk_bucket":1,"extendedslabs:white_concrete_stairs":20,"minecraft:honey_bottle":4}},"DataVersion":3465}