{"stats":{"minecraft:custom":{"minecraft:time_since_rest":54088,"minecraft:sprint_one_cm":42104,"minecraft:crouch_one_cm":7463,"minecraft:play_time":144997,"minecraft:walk_one_cm":101889,"minecraft:deaths":2,"minecraft:sneak_time":4597,"minecraft:jump":194,"minecraft:leave_game":7,"minecraft:time_since_death":53999,"minecraft:total_world_time":144997,"minecraft:fly_one_cm":548230},"minecraft:picked_up":{"minecraft:white_bed":28},"minecraft:used":{"extendedslabs:vertical_end_stone_slab":5,"minecraft:dead_fire_coral_fan":2,"extendedslabs:black_concrete_slab":423,"extendedslabs:black_concrete_stairs":76,"extendedslabs:white_concrete_slab":16,"minecraft:black_concrete":204,"minecraft:dead_horn_coral_fan":4,"minecraft:light_gray_concrete":129,"minecraft:barrier":5,"minecraft:quartz_block":983,"minecraft:white_bed":49,"minecraft:white_concrete":44,"minecraft:milk_bucket":1,"extendedslabs:white_concrete_stairs":20,"minecraft:honey_bottle":4}},"DataVersion":3465}