{"stats":{"minecraft:custom":{"minecraft:time_since_rest":144088,"minecraft:sprint_one_cm":76950,"minecraft:crouch_one_cm":7477,"minecraft:play_time":234997,"minecraft:damage_taken":120,"minecraft:walk_one_cm":149394,"minecraft:deaths":2,"minecraft:sneak_time":4742,"minecraft:jump":251,"minecraft:leave_game":7,"minecraft:time_since_death":143999,"minecraft:total_world_time":234997,"minecraft:fall_one_cm":2120,"minecraft:fly_one_cm":560769},"minecraft:picked_up":{"minecraft:white_bed":28},"minecraft:used":{"extendedslabs:vertical_end_stone_slab":5,"minecraft:golden_apple":2,"minecraft:dead_fire_coral_fan":5,"extendedslabs:black_concrete_slab":423,"extendedslabs:black_concrete_stairs":76,"extendedslabs:white_concrete_slab":16,"minecraft:black_concrete":204,"minecraft:potion":6,"minecraft:dead_horn_coral_fan":6,"minecraft:light_gray_concrete":134,"minecraft:barrier":5,"minecraft:quartz_block":983,"minecraft:white_bed":49,"minecraft:lingering_potion":6,"minecraft:white_concrete":44,"extendedslabs:light_gray_concrete_slab":4,"minecraft:milk_bucket":89,"extendedslabs:white_concrete_stairs":20,"minecraft:honey_bottle":12}},"DataVersion":3465}