{"stats":{"minecraft:custom":{"minecraft:jump":78,"minecraft:time_since_rest":60997,"minecraft:crouch_one_cm":4306,"minecraft:leave_game":7,"minecraft:play_time":60997,"minecraft:sprint_one_cm":12545,"minecraft:time_since_death":60997,"minecraft:walk_one_cm":47220,"minecraft:sneak_time":2091,"minecraft:total_world_time":60997,"minecraft:fly_one_cm":248216},"minecraft:used":{"extendedslabs:vertical_end_stone_slab":5,"minecraft:barrier":5,"extendedslabs:black_concrete_stairs":20,"extendedslabs:black_concrete_slab":102,"minecraft:quartz_block":948,"extendedslabs:white_concrete_slab":16,"minecraft:black_concrete":132,"minecraft:white_concrete":44,"minecraft:light_gray_concrete":123,"extendedslabs:white_concrete_stairs":20}},"DataVersion":3465}