{"stats":{"minecraft:dropped":{"minecraft:glass_bottle":1},"minecraft:picked_up":{"minecraft:glass_bottle":1,"minecraft:white_bed":28},"minecraft:custom":{"minecraft:time_since_rest":15316,"minecraft:crouch_one_cm":11396,"minecraft:deaths":6,"minecraft:sprint_one_cm":182703,"minecraft:play_time":402981,"minecraft:walk_one_cm":203285,"minecraft:damage_taken":1130,"minecraft:damage_absorbed":40,"minecraft:sneak_time":5856,"minecraft:drop":1,"minecraft:jump":536,"minecraft:leave_game":15,"minecraft:time_since_death":15310,"minecraft:total_world_time":402981,"minecraft:fall_one_cm":20041,"minecraft:fly_one_cm":832851},"minecraft:used":{"minecraft:black_wool":10,"extendedslabs:vertical_end_stone_slab":5,"extendedslabs:black_concrete_slab":423,"minecraft:golden_apple":4,"minecraft:dead_fire_coral_fan":5,"extendedslabs:black_concrete_stairs":76,"extendedslabs:white_concrete_slab":16,"minecraft:black_concrete":204,"minecraft:potion":6,"minecraft:dead_horn_coral_fan":6,"minecraft:light_gray_concrete":212,"extendedslabs:blue_wool_stairs":127,"minecraft:barrier":5,"minecraft:quartz_block":983,"minecraft:white_bed":49,"minecraft:white_concrete":44,"minecraft:lingering_potion":6,"extendedslabs:light_gray_concrete_slab":50,"minecraft:milk_bucket":89,"extendedslabs:white_concrete_stairs":20,"minecraft:honey_bottle":12}},"DataVersion":3465}