{"stats":{"minecraft:dropped":{"minecraft:glass_bottle":1,"extendedslabs:blue_wool_stairs":1},"minecraft:picked_up":{"minecraft:glass_bottle":1,"minecraft:white_bed":28},"minecraft:custom":{"minecraft:time_since_rest":39316,"minecraft:crouch_one_cm":11717,"minecraft:deaths":6,"minecraft:sprint_one_cm":183898,"minecraft:play_time":426981,"minecraft:walk_one_cm":209930,"minecraft:damage_taken":1130,"minecraft:damage_absorbed":40,"minecraft:sneak_time":8112,"minecraft:drop":2,"minecraft:jump":562,"minecraft:leave_game":15,"minecraft:time_since_death":39310,"minecraft:total_world_time":426981,"minecraft:fall_one_cm":20041,"minecraft:fly_one_cm":1280405},"minecraft:used":{"minecraft:black_wool":10,"extendedslabs:vertical_end_stone_slab":5,"extendedslabs:black_concrete_slab":423,"minecraft:golden_apple":4,"minecraft:dead_fire_coral_fan":5,"extendedslabs:black_concrete_stairs":76,"extendedslabs:white_concrete_slab":16,"minecraft:black_concrete":204,"minecraft:potion":6,"minecraft:vine":6,"minecraft:dead_horn_coral_fan":6,"minecraft:light_gray_concrete":324,"extendedslabs:blue_wool_stairs":181,"minecraft:barrier":5,"minecraft:black_carpet":20,"minecraft:blue_wool":45,"minecraft:quartz_block":983,"minecraft:white_bed":49,"extendedslabs:light_gray_concrete_stairs":98,"minecraft:white_concrete":44,"minecraft:lingering_potion":6,"minecraft:stone_brick_stairs":2,"extendedslabs:light_gray_concrete_slab":50,"minecraft:milk_bucket":89,"extendedslabs:white_concrete_stairs":20,"minecraft:honey_bottle":12,"minecraft:stone_brick_slab":1}},"DataVersion":3465}