{"stats":{"minecraft:custom":{"minecraft:jump":142,"minecraft:time_since_rest":22045,"minecraft:crouch_one_cm":7230,"minecraft:leave_game":7,"minecraft:play_time":84997,"minecraft:sprint_one_cm":31142,"minecraft:deaths":1,"minecraft:time_since_death":21971,"minecraft:walk_one_cm":91209,"minecraft:sneak_time":3848,"minecraft:total_world_time":84997,"minecraft:fly_one_cm":412800},"minecraft:picked_up":{"minecraft:white_bed":28},"minecraft:used":{"extendedslabs:vertical_end_stone_slab":5,"minecraft:barrier":5,"extendedslabs:black_concrete_stairs":75,"extendedslabs:black_concrete_slab":423,"minecraft:quartz_block":968,"extendedslabs:white_concrete_slab":16,"minecraft:black_concrete":201,"minecraft:white_concrete":44,"minecraft:light_gray_concrete":126,"extendedslabs:white_concrete_stairs":20,"minecraft:white_bed":49}},"DataVersion":3465}