{"stats":{"minecraft:custom":{"minecraft:jump":117,"minecraft:time_since_rest":10045,"minecraft:crouch_one_cm":6299,"minecraft:leave_game":7,"minecraft:play_time":72997,"minecraft:sprint_one_cm":18495,"minecraft:deaths":1,"minecraft:time_since_death":9971,"minecraft:walk_one_cm":74423,"minecraft:sneak_time":2924,"minecraft:total_world_time":72997,"minecraft:fly_one_cm":306659},"minecraft:picked_up":{"minecraft:white_bed":22},"minecraft:used":{"extendedslabs:vertical_end_stone_slab":5,"minecraft:barrier":5,"extendedslabs:black_concrete_stairs":75,"extendedslabs:black_concrete_slab":294,"minecraft:quartz_block":948,"extendedslabs:white_concrete_slab":16,"minecraft:black_concrete":201,"minecraft:white_concrete":44,"minecraft:light_gray_concrete":126,"extendedslabs:white_concrete_stairs":20,"minecraft:white_bed":49}},"DataVersion":3465}