{"stats":{"minecraft:dropped":{"minecraft:glass_bottle":1,"extendedslabs:blue_wool_stairs":1},"minecraft:picked_up":{"minecraft:white_bed":28,"minecraft:glass_bottle":1},"minecraft:used":{"extendedslabs:vertical_end_stone_slab":5,"minecraft:dead_fire_coral_fan":5,"minecraft:stone_brick_slab":2,"extendedslabs:black_concrete_stairs":76,"minecraft:black_concrete":204,"extendedslabs:white_concrete_slab":16,"minecraft:black_wool":10,"minecraft:light_gray_concrete":325,"extendedslabs:blue_wool_stairs":181,"minecraft:barrier":5,"minecraft:quartz_block":983,"minecraft:blue_wool":46,"minecraft:black_carpet":23,"extendedslabs:white_concrete_stairs":20,"minecraft:stone_brick_stairs":8,"minecraft:stone_bricks":66,"extendedslabs:black_concrete_slab":423,"minecraft:golden_apple":4,"extendedslabs:green_wool_stairs":15,"minecraft:lime_concrete":9,"minecraft:potion":6,"minecraft:vine":6,"minecraft:dead_horn_coral_fan":6,"extendedslabs:vertical_stone_brick_slab":70,"extendedslabs:stone_brick_corner":15,"extendedslabs:lime_concrete_stairs":39,"minecraft:white_bed":49,"extendedslabs:light_gray_concrete_stairs":99,"minecraft:lingering_potion":6,"minecraft:white_concrete":44,"extendedslabs:light_gray_concrete_slab":50,"minecraft:milk_bucket":89,"minecraft:honey_bottle":12},"minecraft:custom":{"minecraft:time_since_rest":45316,"minecraft:sprint_one_cm":184341,"minecraft:damage_absorbed":40,"minecraft:damage_taken":1130,"minecraft:walk_one_cm":210681,"minecraft:drop":2,"minecraft:fly_one_cm":1308965,"minecraft:crouch_one_cm":12001,"minecraft:play_time":432981,"minecraft:deaths":6,"minecraft:sneak_time":8439,"minecraft:jump":570,"minecraft:leave_game":15,"minecraft:time_since_death":45310,"minecraft:total_world_time":432981,"minecraft:fall_one_cm":20041}},"DataVersion":3465}