{"stats":{"minecraft:used":{"minecraft:golden_apple":1,"minecraft:stone_sword":33},"minecraft:killed_by":{"minecraft:player":2},"minecraft:custom":{"minecraft:jump":532,"minecraft:time_since_rest":9541,"minecraft:deaths":2,"minecraft:damage_absorbed":40,"minecraft:damage_dealt":1186,"minecraft:crouch_one_cm":707,"minecraft:sprint_one_cm":57451,"minecraft:play_time":16808,"minecraft:damage_taken":914,"minecraft:time_since_death":9536,"minecraft:walk_one_cm":28049,"minecraft:climb_one_cm":6053,"minecraft:sleep_in_bed":1,"minecraft:sneak_time":157,"minecraft:total_world_time":16808,"minecraft:damage_resisted":96,"minecraft:fall_one_cm":15400,"minecraft:fly_one_cm":213496,"minecraft:player_kills":4}},"DataVersion":3465}