{"stats":{"minecraft:killed_by":{"minecraft:player":2},"minecraft:custom":{"minecraft:jump":774,"minecraft:time_since_rest":19567,"minecraft:damage_dealt":1285,"minecraft:damage_taken":1009,"minecraft:crouch_one_cm":982,"minecraft:damage_absorbed":40,"minecraft:play_time":26834,"minecraft:sprint_one_cm":74862,"minecraft:time_since_death":19562,"minecraft:walk_one_cm":39626,"minecraft:deaths":2,"minecraft:sleep_in_bed":1,"minecraft:sneak_time":198,"minecraft:total_world_time":26834,"minecraft:climb_one_cm":9042,"minecraft:damage_resisted":96,"minecraft:fall_one_cm":21171,"minecraft:fly_one_cm":321897,"minecraft:player_kills":4},"minecraft:used":{"minecraft:golden_apple":1,"minecraft:stone_sword":33}},"DataVersion":3465}