{"stats":{"minecraft:killed_by":{"minecraft:player":2},"minecraft:custom":{"minecraft:jump":1381,"minecraft:time_since_rest":43567,"minecraft:damage_dealt":1285,"minecraft:damage_taken":1009,"minecraft:crouch_one_cm":2592,"minecraft:damage_absorbed":40,"minecraft:play_time":50834,"minecraft:sprint_one_cm":146517,"minecraft:time_since_death":43562,"minecraft:walk_one_cm":67796,"minecraft:deaths":2,"minecraft:sleep_in_bed":1,"minecraft:sneak_time":810,"minecraft:total_world_time":50834,"minecraft:climb_one_cm":13071,"minecraft:damage_resisted":945295,"minecraft:fall_one_cm":32590,"minecraft:fly_one_cm":622648,"minecraft:player_kills":4},"minecraft:used":{"minecraft:golden_apple":1,"minecraft:stone_sword":33}},"DataVersion":3465}