{"stats":{"minecraft:killed_by":{"minecraft:player":2},"minecraft:custom":{"minecraft:jump":1171,"minecraft:time_since_rest":31567,"minecraft:damage_dealt":1285,"minecraft:damage_taken":1009,"minecraft:crouch_one_cm":1364,"minecraft:damage_absorbed":40,"minecraft:play_time":38834,"minecraft:sprint_one_cm":129313,"minecraft:time_since_death":31562,"minecraft:walk_one_cm":50058,"minecraft:deaths":2,"minecraft:sleep_in_bed":1,"minecraft:sneak_time":257,"minecraft:total_world_time":38834,"minecraft:climb_one_cm":13071,"minecraft:damage_resisted":943765,"minecraft:fall_one_cm":31961,"minecraft:fly_one_cm":561340,"minecraft:player_kills":4},"minecraft:used":{"minecraft:golden_apple":1,"minecraft:stone_sword":33}},"DataVersion":3465}