{"stats":{"minecraft:custom":{"minecraft:jump":548,"minecraft:time_since_rest":27425,"minecraft:damage_dealt":0,"minecraft:crouch_one_cm":2931,"minecraft:leave_game":3,"minecraft:play_time":27425,"minecraft:sprint_one_cm":86205,"minecraft:damage_taken":0,"minecraft:time_since_death":27425,"minecraft:walk_one_cm":20245,"minecraft:sneak_time":1082,"minecraft:climb_one_cm":2779,"minecraft:total_world_time":27425,"minecraft:damage_resisted":3236,"minecraft:fall_one_cm":10275,"minecraft:fly_one_cm":369203}},"DataVersion":3465}