{"stats":{"minecraft:custom":{"minecraft:jump":433,"minecraft:time_since_rest":15425,"minecraft:damage_dealt":0,"minecraft:crouch_one_cm":105,"minecraft:leave_game":3,"minecraft:play_time":15425,"minecraft:sprint_one_cm":61701,"minecraft:damage_taken":0,"minecraft:time_since_death":15425,"minecraft:walk_one_cm":7315,"minecraft:sneak_time":13,"minecraft:climb_one_cm":2779,"minecraft:total_world_time":15425,"minecraft:damage_resisted":3094,"minecraft:fall_one_cm":9755,"minecraft:fly_one_cm":274357}},"DataVersion":3465}