{
  "__COMMENT1": "To apply this configuration to all newly generated worlds",
  "__COMMENT2": "please place this configuration file into your config directory",
  "__COMMENT3": "with the following name: cpm-server-default.json",
  "player_scaling": {
    "4f7ec677-ed91-4181-8d7a-c3b94b8a20cc": {},
    "062c7b71-7064-3bca-9d3b-a97fb50c2c5b": {
      "motion": 1.0,
      "stepHeight": 1.0,
      "flight": 1.0,
      "reach": 1.0,
      "asp": 1.0,
      "akb": 1.0,
      "attack": 1.0,
      "defense": 1.0,
      "health": 1.0,
      "mob_vis": 1.0,
      "kbr": 1.0
    },
    "410f33d3-d26b-3e4d-b240-32e0043b0543": {},
    "0e74253a-c079-3b08-a952-1834845b424a": {},
    "daaea42c-cc77-37dd-be87-e4da5f2f1830": {}
  },
  "skins": {
    "c89dc6e8-a26e-3825-9de2-88e83440ef63": {}
  },
  "player_scaling_settings": {},
  "scaling_settings": {
    "motion": {},
    "mob_visibility": {},
    "defense": {},
    "attack_knockback": {},
    "flight_speed": {},
    "step_height": {},
    "knockback_resist": {},
    "reach": {},
    "health": {},
    "attack_speed": {},
    "attack_dmg": {}
  }
}