{
  "__COMMENT1": "To apply this configuration to all newly generated worlds",
  "__COMMENT2": "please place this configuration file into your config directory",
  "__COMMENT3": "with the following name: cpm-server-default.json",
  "player_scaling": {
    "4f7ec677-ed91-4181-8d7a-c3b94b8a20cc": {},
    "062c7b71-7064-3bca-9d3b-a97fb50c2c5b": {},
    "410f33d3-d26b-3e4d-b240-32e0043b0543": {},
    "0e74253a-c079-3b08-a952-1834845b424a": {}
  },
  "skins": {},
  "player_scaling_settings": {},
  "scaling_settings": {
    "motion": {},
    "mob_visibility": {},
    "defense": {},
    "attack_knockback": {},
    "flight_speed": {},
    "step_height": {},
    "knockback_resist": {},
    "reach": {},
    "health": {},
    "attack_speed": {},
    "attack_dmg": {}
  }
}