{
  "minecraft:recipes/decorations/crafting_table": {
    "criteria": {
      "unlock_right_away": "2024-08-27 02:24:00 +0000"
    },
    "done": true
  },
  "minecraft:adventure/adventuring_time": {
    "criteria": {
      "minecraft:frozen_river": "2024-08-27 04:38:35 +0000",
      "minecraft:snowy_plains": "2024-08-27 02:24:01 +0000",
      "minecraft:frozen_ocean": "2024-08-27 21:40:20 +0000",
      "minecraft:snowy_beach": "2024-08-27 04:31:08 +0000"
    },
    "done": false
  },
  "extendedslabs:recipes/building_blocks/end_stone_slab_from_vertical_end_stone_slab": {
    "criteria": {
      "has_item": "2024-08-27 03:21:15 +0000"
    },
    "done": true
  },
  "extendedslabs:recipes/building_blocks/light_gray_concrete_stairs": {
    "criteria": {
      "has_item": "2024-08-27 03:23:31 +0000"
    },
    "done": true
  },
  "extendedslabs:recipes/building_blocks/vertical_light_gray_concrete_slab": {
    "criteria": {
      "has_item": "2024-08-27 03:23:31 +0000"
    },
    "done": true
  },
  "extendedslabs:recipes/building_blocks/light_gray_concrete_slab": {
    "criteria": {
      "has_item": "2024-08-27 03:23:31 +0000"
    },
    "done": true
  },
  "extendedslabs:recipes/building_blocks/white_concrete_slab": {
    "criteria": {
      "has_item": "2024-08-27 04:53:32 +0000"
    },
    "done": true
  },
  "extendedslabs:recipes/building_blocks/white_concrete_stairs": {
    "criteria": {
      "has_item": "2024-08-27 04:53:32 +0000"
    },
    "done": true
  },
  "extendedslabs:recipes/building_blocks/vertical_white_concrete_slab": {
    "criteria": {
      "has_item": "2024-08-27 04:53:32 +0000"
    },
    "done": true
  },
  "minecraft:recipes/building_blocks/quartz_slab": {
    "criteria": {
      "has_quartz_block": "2024-08-27 04:53:45 +0000"
    },
    "done": true
  },
  "minecraft:recipes/building_blocks/quartz_bricks": {
    "criteria": {
      "has_quartz_block": "2024-08-27 04:53:45 +0000"
    },
    "done": true
  },
  "extendedslabs:recipes/building_blocks/vertical_quartz_slab": {
    "criteria": {
      "has_item": "2024-08-27 04:53:45 +0000"
    },
    "done": true
  },
  "minecraft:recipes/building_blocks/quartz_pillar_from_quartz_block_stonecutting": {
    "criteria": {
      "has_quartz_block": "2024-08-27 04:53:45 +0000"
    },
    "done": true
  },
  "minecraft:recipes/building_blocks/quartz_pillar": {
    "criteria": {
      "has_quartz_block": "2024-08-27 04:53:45 +0000"
    },
    "done": true
  },
  "minecraft:recipes/building_blocks/quartz_stairs_from_quartz_block_stonecutting": {
    "criteria": {
      "has_quartz_block": "2024-08-27 04:53:45 +0000"
    },
    "done": true
  },
  "extendedslabs:recipes/building_blocks/quartz_vertical_slab_from_quartz_block_stonecutting": {
    "criteria": {
      "has_quartz_block": "2024-08-27 04:53:45 +0000"
    },
    "done": true
  },
  "minecraft:recipes/building_blocks/quartz_stairs": {
    "criteria": {
      "has_quartz_block": "2024-08-27 04:53:45 +0000"
    },
    "done": true
  },
  "minecraft:recipes/building_blocks/smooth_quartz": {
    "criteria": {
      "has_quartz_block": "2024-08-27 04:53:45 +0000"
    },
    "done": true
  },
  "minecraft:recipes/building_blocks/chiseled_quartz_block": {
    "criteria": {
      "has_quartz_block": "2024-08-27 04:53:45 +0000"
    },
    "done": true
  },
  "minecraft:recipes/building_blocks/quartz_bricks_from_quartz_block_stonecutting": {
    "criteria": {
      "has_quartz_block": "2024-08-27 04:53:45 +0000"
    },
    "done": true
  },
  "minecraft:recipes/building_blocks/chiseled_quartz_block_from_quartz_block_stonecutting": {
    "criteria": {
      "has_quartz_block": "2024-08-27 04:53:45 +0000"
    },
    "done": true
  },
  "minecraft:recipes/building_blocks/quartz_slab_from_stonecutting": {
    "criteria": {
      "has_quartz_block": "2024-08-27 04:53:45 +0000"
    },
    "done": true
  },
  "extendedslabs:recipes/building_blocks/white_concrete_corner_from_white_concrete_stairs": {
    "criteria": {
      "has_item": "2024-08-27 04:55:10 +0000"
    },
    "done": true
  },
  "extendedslabs:recipes/building_blocks/vertical_white_concrete_slab_from_white_concrete_slab": {
    "criteria": {
      "has_item": "2024-08-27 04:55:14 +0000"
    },
    "done": true
  },
  "extendedslabs:recipes/building_blocks/black_concrete_stairs": {
    "criteria": {
      "has_item": "2024-08-27 04:55:59 +0000"
    },
    "done": true
  },
  "extendedslabs:recipes/building_blocks/black_concrete_slab": {
    "criteria": {
      "has_item": "2024-08-27 04:55:59 +0000"
    },
    "done": true
  },
  "extendedslabs:recipes/building_blocks/vertical_black_concrete_slab": {
    "criteria": {
      "has_item": "2024-08-27 04:55:59 +0000"
    },
    "done": true
  },
  "extendedslabs:recipes/building_blocks/black_concrete_corner_from_black_concrete_stairs": {
    "criteria": {
      "has_item": "2024-08-27 04:56:00 +0000"
    },
    "done": true
  },
  "extendedslabs:recipes/building_blocks/vertical_black_concrete_slab_from_black_concrete_slab": {
    "criteria": {
      "has_item": "2024-08-27 04:56:02 +0000"
    },
    "done": true
  },
  "DataVersion": 3465
}