{
  "minecraft:recipes/decorations/crafting_table": {
    "criteria": {
      "unlock_right_away": "2024-08-27 02:24:00 +0000"
    },
    "done": true
  },
  "minecraft:adventure/adventuring_time": {
    "criteria": {
      "minecraft:snowy_plains": "2024-08-27 02:24:01 +0000"
    },
    "done": false
  },
  "extendedslabs:recipes/building_blocks/end_stone_slab_from_vertical_end_stone_slab": {
    "criteria": {
      "has_item": "2024-08-27 03:21:15 +0000"
    },
    "done": true
  },
  "extendedslabs:recipes/building_blocks/light_gray_concrete_stairs": {
    "criteria": {
      "has_item": "2024-08-27 03:23:31 +0000"
    },
    "done": true
  },
  "extendedslabs:recipes/building_blocks/vertical_light_gray_concrete_slab": {
    "criteria": {
      "has_item": "2024-08-27 03:23:31 +0000"
    },
    "done": true
  },
  "extendedslabs:recipes/building_blocks/light_gray_concrete_slab": {
    "criteria": {
      "has_item": "2024-08-27 03:23:31 +0000"
    },
    "done": true
  },
  "DataVersion": 3465
}